Costo_de_Produccion,Precio_de_Venta,Gasto_en_Publicidad,Resultado
106.18101782710437,137.28899355742155,1677.6755768115768,Fracaso
192.60714596148742,245.1212028041889,1611.4045958239992,Fracaso
159.79909127171078,232.17584142429527,4578.145612344665,Éxito
139.7987726295555,203.73226581412916,1622.9578993227774,Fracaso
73.40279606636548,141.79646493805245,1723.7737675788394,Fracaso
73.3991780504304,132.92618005307344,3917.292180880837,Fracaso
58.71254182522992,120.24913569630107,2523.82929102743,Fracaso
179.92642186624028,250.87816096015945,3995.1975062983156,Éxito
140.16725176148134,175.1473322930325,794.1477090397336,Fracaso
156.21088666940682,205.57638448799526,2694.0703715302293,Éxito
53.08767414437037,86.3602406535465,651.2612008247718,Fracaso
195.48647782429916,274.746558304098,781.9394155490954,Fracaso
174.86639612006326,251.50995650126004,4578.968540049849,Éxito
81.85086660174142,104.21647528385176,1126.6041700291782,Fracaso
77.2737450810651,139.60825543200642,2895.893070238477,Fracaso
77.51067647801507,153.02557552295502,2349.9302117031793,Fracaso
95.63633644393066,126.47085715157067,2063.044968164792,Fracaso
128.71346474483568,182.79017857799346,4549.250055592726,Éxito
114.79175279631737,189.72105065159988,598.2052854897028,Fracaso
93.68437102970628,115.72112974485421,3487.0535877901507,Éxito
141.77793420835692,203.62315024316732,4835.274953960977,Éxito
70.92407909780627,108.76501954015932,3020.756825578289,Fracaso
93.82169728028272,169.28546900287455,4715.701079148913,Fracaso
104.95427649405376,183.21777120397581,735.160456787107,Fracaso
118.41049763255539,195.06648697936143,2384.569935833726,Fracaso
167.77639420895204,216.22924720839987,1670.7100593292303,Fracaso
79.95106732375396,151.67362638311278,3788.694342413284,Fracaso
127.13516576204174,197.80812967414596,4915.83690723761,Fracaso
138.86218532930639,178.00821372390172,1654.3852809991151,Fracaso
56.96756190799966,126.70249035704029,3443.785706633335,Fracaso
141.13172778521576,163.3521858681453,1391.4393474188305,Fracaso
75.57861855309373,131.3548112620169,3043.9861455722444,Fracaso
59.75773894779193,93.55826918505412,2587.696190097513,Fracaso
192.33283058799998,219.5668437346367,4874.023983341916,Éxito
194.8448049611839,219.46199705893645,3238.3727271340995,Éxito
171.25960221746917,233.03692877015754,2072.7786743906845,Fracaso
95.6920653760056,136.08456320208956,1013.4310319957002,Fracaso
64.65081710095758,128.13682339268325,1180.6107293072055,Fracaso
152.63495397682354,176.55633442476008,1513.9261847805578,Fracaso
116.0228740609402,154.94029433077682,1629.349976031341,Fracaso
68.30573522671682,120.67521276923705,4327.77226028512,Fracaso
124.27653651669053,191.71992640702834,3025.5025472713623,Fracaso
55.15827816728276,94.28342834320695,2855.259101184649,Fracaso
186.39806031181732,243.95154289803787,1016.4599234114786,Fracaso
88.81699724000254,161.97566213417377,4370.628620072457,Fracaso
149.3783426530973,206.33013394403557,3752.6643644381766,Éxito
96.75666141341165,130.73422989862968,804.5076285500071,Fracaso
128.0102031766716,149.4742500700639,3685.257937533959,Éxito
132.00654190149194,204.21247433554774,2945.921978041907,Fracaso
77.72816832882906,99.00433297985228,867.7640558605021,Fracaso
195.4376941646838,267.91979452573577,2562.352886878954,Éxito
166.2699235041672,218.00615154579992,2681.1332920852115,Éxito
190.92484123462836,267.26890314540213,1245.985430734741,Fracaso
184.22410256414733,252.15109671056726,4755.64166150127,Éxito
139.68499682166276,219.56104345366302,4324.889171662979,Fracaso
188.2811352534675,229.32384418057012,3510.6005179809877,Éxito
63.273875307787925,129.30517264365554,2580.3300245027326,Fracaso
79.39742936287178,123.51328417942631,2352.944937130288,Fracaso
56.78409333658071,105.57663055481524,3429.380602179294,Fracaso
98.79954961448965,156.44987740759186,2954.443412331075,Fracaso
108.3015934534223,180.72222030460262,780.2289764684853,Fracaso
90.70235476608438,169.74736291804209,2806.2619194664926,Fracaso
174.3106263727894,240.40703120466048,4128.816277547778,Éxito
103.51299900403839,148.57900593407842,2566.579449186311,Éxito
92.14017645310712,137.42159658973134,733.8045989942078,Fracaso
131.40441247373727,195.65935056907074,4038.251897228149,Éxito
71.1386337462144,105.46526249231253,1406.1370196118846,Fracaso
170.32954711310595,196.95799390098963,1663.7937569961746,Fracaso
61.182596551965624,102.4599260104122,1241.1785904453316,Fracaso
198.03304049007758,235.26737998932248,1985.967791921739,Fracaso
165.8367153944986,203.61520262185803,3905.3817755988575,Éxito
79.80735223012586,113.82381729312046,2837.236367767718,Éxito
50.828317568540356,73.35390894672207,1421.9657336782066,Fracaso
172.31921426822512,193.39165035222996,4450.235351684183,Éxito
156.02860157714258,235.29194496130447,4458.118347281881,Fracaso
159.3510752061481,205.01746323029982,4417.602912707031,Éxito
165.69055200289188,208.75015083247277,1574.5829512169269,Fracaso
61.106697760113555,121.88553472169775,2530.5770488144462,Fracaso
103.76985928164089,136.86509255354474,4932.453452633938,Éxito
67.38035892876945,144.37802996578296,3974.0561433949565,Fracaso
179.46551388133904,246.64621474627216,622.2533955150192,Fracaso
143.4947190241337,168.8593791628693,793.4206606722142,Fracaso
99.63470372789737,144.68955027499308,2587.6911956554973,Éxito
59.53375254290354,132.28085099663343,4591.4909263770205,Fracaso
96.64734825734934,173.33126959483394,2924.158090787214,Fracaso
98.77749830401206,146.82158897900425,2740.156286154306,Éxito
159.4409267507096,216.24561010335205,974.6316498048377,Fracaso
145.63362070328196,175.65565746880648,3455.5104712593234,Éxito
183.08191138644898,262.55202895466755,4199.4642227010145,Éxito
120.83223877429239,154.732540857299,2211.8900337840305,Fracaso
67.93913689074526,144.5030433388528,3990.253329163974,Fracaso
156.98671808344926,215.96551702299138,4840.144942553652,Éxito
164.11775729253463,220.58196498526618,1416.949066074601,Fracaso
134.19157963542443,184.95289029641495,2854.983340376336,Éxito
165.64507699318415,199.48526569624966,1792.1208113805899,Fracaso
124.06933945465862,154.6610213749891,4067.8448856522773,Éxito
128.40992440729912,161.63909695150963,3099.1701464652087,Éxito
114.13115275378244,145.31744848243773,3355.620878976367,Éxito
53.81286901161428,120.58793742561949,4090.6137182715233,Fracaso
66.18371404899567,107.19122959899947,2281.867126981047,Fracaso
54.714377853010134,78.18493844681392,4617.905307831695,Éxito
145.46156168956708,223.60771949801574,2898.62990260763,Fracaso
97.15339716144899,170.18055025925452,1210.7967027590662,Fracaso
126.28560367470541,201.9507406664182,3631.546031759611,Fracaso
186.13497108891394,265.82944044770005,4069.676076972145,Éxito
87.39383437233124,117.82754932550048,1925.42754680387,Fracaso
111.55743845534445,155.33195958950398,4357.306656494388,Éxito
163.3326707814573,228.82697932370277,4577.644646445949,Éxito
84.31972482374337,146.0809619069709,1746.0701932001402,Fracaso
61.54698647431895,90.78074085471025,4925.8466272185,Éxito
93.46271793706521,162.41270543650228,1133.201876219413,Fracaso
74.18319308810067,107.64962739830031,1409.0705078112048,Fracaso
189.45464785138597,222.88370474074335,1329.0117765711175,Fracaso
171.21805693466254,223.43652230826734,4522.953695035417,Éxito
145.0105634765635,200.5869595670657,3444.3164854623283,Éxito
180.71908852815767,235.52426099842634,1184.469274500228,Fracaso
170.55081153486717,196.04002177873247,2481.45538265757,Fracaso
77.98550883290537,150.63316059072818,3268.8411128141092,Fracaso
183.88384977349668,219.81985232881902,875.5883824522248,Fracaso
130.9013362873476,158.67223156431584,4470.8736578330245,Éxito
171.11602327460938,244.44090806674802,4116.2159094869085,Éxito
184.41369498852399,261.7527848823092,2773.430481094872,Éxito
97.70052124577958,169.4281782817066,4852.069768666267,Fracaso
66.50778867915152,135.0787531626442,2379.9244067379486,Fracaso
84.19027438129126,143.50479321963257,4928.49643566424,Fracaso
114.06616829393845,167.11761053048681,3505.639994616322,Éxito
172.702214888374,197.9214204830586,3356.0207296427366,Éxito
179.10958748845152,223.61678027269346,1246.7970288310325,Fracaso
51.04281957967861,93.40413060041745,4468.674912370898,Fracaso
126.61209538663486,162.19732241225444,2423.703595642768,Fracaso
112.61165047231685,176.01685729363194,1230.0503260211572,Fracaso
83.31617157060954,133.0687156753358,556.7338398909156,Fracaso
67.97980510005242,92.84257805451129,3018.9005763727214,Éxito
100.6422757105442,133.85326782753287,2873.2982995520433,Éxito
191.43645558687788,252.43198140645364,3737.0913006612136,Éxito
98.48043980311328,123.0482913725313,4506.161238580109,Éxito
127.81859326150492,198.89100810443102,857.3296308936328,Fracaso
155.45284383427668,205.16163545511515,3791.7342065316307,Éxito
104.5444403568941,153.379634996493,1343.35374843912,Fracaso
195.7673124081441,251.31177948771517,4361.796739207238,Éxito
194.3670942413167,263.84795219682564,4185.785812377453,Éxito
87.76734437380463,128.6358968479362,2933.5718974349497,Éxito
124.58727588385781,185.26824503740164,3696.0925938049018,Éxito
95.13174647251546,149.07566431226292,1914.5755093268679,Fracaso
92.72607415662014,128.74777036678543,2620.255545197666,Éxito
55.53304210317992,128.2508412844894,4197.366039697123,Fracaso
141.4346500969845,209.2802113934002,2566.6933872794625,Éxito
125.40185348432922,184.90896356383476,2110.092193964488,Fracaso
57.7218126874984,128.75671643315292,2723.9560126263495,Fracaso
91.7969696354917,163.83462169307984,4227.121635967483,Fracaso
186.23988289499806,248.74166149790014,2008.4362131689272,Fracaso
85.93428360004586,156.15508330186617,1281.927169110847,Fracaso
71.73423081368347,133.58251851384048,3704.0630914885132,Fracaso
123.41791404163445,184.22636034725247,4216.901957186368,Éxito
197.8475681165901,254.96425080950115,952.8686533559,Fracaso
86.30829072672506,151.47128910018353,1579.4335074017513,Fracaso
150.8203321108818,180.33663842846622,1138.8739539244725,Fracaso
164.24294229930763,237.09518785124334,2065.73635211975,Fracaso
85.64563159885995,157.95624326357387,2526.579405074357,Fracaso
159.23245229177894,180.9872892738525,3869.718516334879,Éxito
105.16746990788798,174.71647494177375,3430.1641319675336,Fracaso
144.84587458903692,172.57806663744364,3294.17855365294,Éxito
145.0294566141342,185.13658786968273,2085.687259743445,Fracaso
130.36620261121377,194.9766979887102,4286.513988881419,Éxito
63.54346550816125,93.18905927105973,2620.7922532917405,Éxito
175.2953743383857,244.37339578552942,4905.972221068196,Éxito
98.11700974576038,168.0450604232249,3353.6396223308157,Fracaso
77.97777655997814,128.4258405856283,1068.1913370402622,Fracaso
56.11627123321459,76.49942353622461,3542.799029339453,Éxito
138.63394147823627,175.85622946873104,1962.9680694426454,Fracaso
151.63465427634236,208.6502693788869,3588.4723850874384,Éxito
52.48817433917842,131.35934502082384,813.3851667308259,Fracaso
126.81395874489215,184.72277036589225,1286.9664672918173,Fracaso
83.97436627969068,119.56258114354027,4350.817665076038,Éxito
146.77591856141748,204.81626074739415,1522.308006605817,Fracaso
76.15496435074871,128.55408713370005,4266.68506359323,Fracaso
153.6406607153699,220.43138442443853,1756.742398044847,Fracaso
108.01030194508061,134.4291402746981,3392.9685952641844,Éxito
190.50949831051017,256.17117246063185,3623.6775807942395,Éxito
70.62814162189899,123.10413634246561,2806.946389152738,Fracaso
101.15995265753878,178.93947288907844,1873.8980451352909,Fracaso
67.02102818608836,107.53335814840952,1456.8996936699325,Fracaso
188.7040427417844,246.6613563298213,649.352095530918,Fracaso
181.60090300714714,257.5225893377482,1867.758805583257,Fracaso
88.69124415727333,114.84182783671409,3439.2325573907738,Éxito
148.99760690512687,225.23131613931395,4722.371683018172,Fracaso
172.58333003018237,233.85647336823118,4420.420170183734,Éxito
133.28012173991937,157.3503452862297,3947.2914944088616,Éxito
129.44758675340097,167.50540077020995,4048.013044639844,Éxito
86.27784363506775,148.76816895378465,3492.4320656419786,Fracaso
63.96541517088488,88.00645125901119,1671.2908590470136,Fracaso
184.58236369299902,239.51259130357542,4582.3776381762345,Éxito
185.06270857449957,225.81569199167697,3518.295403576253,Éxito
144.9652185909902,202.2201496570388,3021.98283941198,Éxito
100.8544686573051,123.59899068605588,999.4526114606649,Fracaso
102.38143619189913,174.6736445610417,2511.7499471289148,Fracaso
158.8933518305359,237.3026899811797,2571.6122204086682,Éxito
184.56653899288656,262.69921031002804,4390.536242852015,Éxito
183.0629636397676,248.04207354434305,2959.916990845048,Éxito
166.98133187864357,194.78650628648148,2211.8024703668434,Fracaso
146.30474692314317,211.80053867888452,4895.601478297967,Éxito
62.62099474925732,84.09620973678541,998.2426699684206,Fracaso
74.24430711419207,95.57172020593191,2401.4679274037508,Fracaso
184.78312827906188,224.19974142803437,689.1110382713238,Fracaso
140.9643589489385,190.28295037321845,3829.5685434511865,Éxito
51.37955774249445,117.60400281096204,4631.344484896178,Fracaso
65.22073142990482,126.21845402629512,1760.1679829772024,Fracaso
149.52526536620837,196.27942774881328,4362.537545596044,Éxito
50.759237576932804,87.17683755383275,1814.9820370785399,Fracaso
74.1212077126248,153.94867772208747,4598.465727397618,Fracaso
132.31006840498793,177.8809465391463,3892.828566185528,Éxito
153.78427965390398,200.8675011136845,4122.080495786474,Éxito
147.79418892539007,177.61161819689022,581.0295002020453,Fracaso
83.64039641908397,151.32896934407972,4832.6466068331165,Fracaso
156.82688320213038,218.4478167490197,3770.0194643164546,Éxito
85.58736312452001,118.83353989184563,1871.3799292376,Fracaso
98.80995472389016,123.75281746084072,4232.275991864812,Éxito
161.9737107677036,222.8036688921864,1766.8453928671847,Fracaso
147.44493485708222,206.71560771395033,4427.392278047576,Éxito
177.3835115741267,213.77908319401925,1006.6117568537165,Fracaso
148.6419338450515,225.69374758007615,3666.586898573581,Fracaso
135.24629050032075,164.30976400717478,2933.1431449020965,Éxito
64.05121517421387,109.99130323676998,934.4051158794837,Fracaso
105.15737045891503,181.77432566897096,1588.5222271647754,Fracaso
89.78035515225882,134.96399416782617,555.8181632479166,Fracaso
86.59844650686253,144.91000336670766,2609.4558445902762,Fracaso
195.95158321286684,239.8072470906345,1855.6936734200017,Fracaso
108.96465870001407,145.41757084093427,3192.6086793399145,Éxito
183.806983276567,262.8456421541567,1837.5701346887774,Fracaso
144.67079389958943,189.230834278492,1849.636001781431,Fracaso
169.22169553124726,242.86764775199532,3844.3693942922155,Éxito
125.39556396577882,159.192840319244,716.6427619025906,Fracaso
136.53558269395387,169.32186493545888,4563.0274783639425,Éxito
123.87765407282959,145.74569904590027,4335.187434760317,Éxito
79.28644816970667,138.38645769225977,3505.121074518829,Fracaso
158.3678172892258,200.47939791265145,3169.4970654832296,Éxito
92.11585436612836,163.97734935650658,4515.361241628435,Fracaso
53.647394964718075,102.0399893662115,1333.985807879215,Fracaso
146.82084438607518,224.9124500609585,855.3612298587287,Fracaso
76.56660191105735,107.69813285324462,1577.7957645929214,Fracaso
191.06878765293715,263.1861777302738,4075.602254150856,Éxito
193.0892865503881,259.68509771789263,656.016200269175,Fracaso
187.22965853306727,253.4849692117104,3122.6307578757032,Éxito
105.52380503831665,176.2107987253299,4979.468822860895,Fracaso
52.31849247933012,117.97993193591005,4350.632422268927,Fracaso
189.2477843881588,246.82100368604372,2846.5056006961527,Éxito
114.22762224759715,142.1023149085404,786.3840917898906,Fracaso
194.99822285655043,216.94979362602555,4241.180814735694,Éxito
194.54299656338793,269.79386743232914,3195.4032867974474,Éxito
177.951418320104,234.9504371913483,1017.1984867680508,Fracaso
94.16733381043785,161.95957126900845,922.357781705103,Fracaso
107.76465929028879,156.6560003810418,4593.320687464666,Éxito
177.67050072752852,204.70899206527218,3511.4011832213528,Éxito
97.53830077344165,125.04944830559467,4231.7905969254,Éxito
75.42391200291388,136.55782923665217,4455.405051270203,Fracaso
133.52018936875254,179.3385430627203,3072.97558421745,Éxito
190.42321612411715,222.45469972613733,2828.5085828976858,Éxito
154.40446950124596,203.90014230573217,2436.923346444456,Fracaso
135.50917551340473,159.36171173791277,1926.2596450600367,Fracaso
64.57647406561529,119.49475818047921,2455.6818238642027,Fracaso
142.25108400487545,178.39068827098131,3982.458450785704,Éxito
198.50807751563949,266.3616235538708,3208.655439568092,Éxito
71.01260228547861,109.63431982089304,4516.354804796807,Fracaso
127.74944785456051,175.06265679946858,2495.210064706345,Fracaso
181.60596078919332,202.30319318367935,3231.903104234393,Éxito
161.11529266313067,185.4621059308042,3340.883988913949,Éxito
154.5523611492902,198.10197453369128,3162.6372303784647,Éxito
155.37261259806638,204.1689426810938,3661.8519788848234,Éxito
103.92367268296327,159.9249055701215,1568.4506076866282,Fracaso
94.03877663967401,131.53853136223222,2805.636998956058,Éxito
171.40417332177702,233.10308648936956,969.0116126375644,Fracaso
171.5170092018771,243.12435303322937,2230.3009744016563,Fracaso
180.06084778701555,246.85190712061654,2694.50180879569,Éxito
186.9860828834707,209.36321240437212,3435.0091679546263,Éxito
126.70135982914067,175.5317766646104,4777.389736637916,Éxito
125.22744420307994,151.52325490817043,3202.9297994676012,Éxito
169.74427684501626,204.2669777967679,3846.172622794519,Éxito
147.49458961666477,226.69434521269355,2778.1972677284125,Fracaso
155.2950315886555,183.8447641627463,3353.4681411934907,Éxito
169.36890041541517,219.30218962249654,819.1949726019805,Fracaso
183.50080127263493,240.59014533172208,1644.7621137883114,Fracaso
100.69927352773037,162.8471717603766,2128.338919423124,Fracaso
106.3374428959916,159.91636390520645,2626.2200975293113,Fracaso
64.09729097613035,84.68354182128138,705.4193547607268,Fracaso
136.74202114942608,176.32969964406558,1130.1084389899297,Fracaso
55.39134106951131,106.454039672594,1745.664385060876,Fracaso
119.83970271986902,145.11169266855902,4871.897109054728,Éxito
131.39669520613649,172.43431107868733,1991.0615319637284,Fracaso
92.98118781924266,114.97337434672465,2669.184761504371,Éxito
138.62498908535161,163.33969891465287,1382.4397073227683,Fracaso
54.57503749085741,98.39043406295318,3248.510319840957,Fracaso
55.60222831238217,83.56517355496578,1763.0744698218843,Fracaso
173.39008409894873,227.44253499464222,1431.4666029729206,Fracaso
104.02859621168943,165.39649435992538,2824.576828006906,Fracaso
69.05907689778272,137.09427884432768,524.7760962218937,Fracaso
128.33648900822067,160.34550366290927,534.4881469215139,Fracaso
165.49903296479164,195.5479879003358,1485.80964095836,Fracaso
82.37315412452648,108.6472245445905,665.2461312536951,Fracaso
143.43357137285005,201.61938634546826,986.1158935881112,Fracaso
62.8021197490652,125.19066333827926,2024.8729220243822,Fracaso
57.75225817529115,79.64742686482967,4111.6355581091575,Éxito
129.7031947352222,205.87592950984362,3074.2188951618537,Fracaso
131.09526824151598,154.21354526060432,2807.0047668038737,Éxito
145.61448522473097,198.0922653427952,1820.6997044365473,Fracaso
158.91370005839923,221.4573312254542,4692.891737447674,Éxito
196.37781191938018,268.6359593441453,2286.567685567363,Fracaso
127.4450522451793,190.29026817312496,891.9174505809717,Fracaso
98.44347094118689,166.5471559253744,3276.7993225301057,Fracaso
169.27792921530556,209.64494076787392,1012.2727706447064,Fracaso
90.62483768931114,159.51434451410188,2053.504142607614,Fracaso
115.84571310584542,140.65260388892594,2783.35372423014,Éxito
61.76845720133989,135.45745656497155,4434.001361083291,Fracaso
53.80261151231863,106.6581540815428,2720.959611530534,Fracaso
194.39726220168876,263.4351283994384,3660.1644471424893,Éxito
175.39701807683088,222.53611514792888,4967.675775495816,Éxito
154.3961309140547,213.0107926258462,1091.7010395409175,Fracaso
111.34294166214048,162.92710131830728,1736.291864837838,Fracaso
75.99414801062687,139.88951931594679,2275.592340189409,Fracaso
73.4655564006629,98.36335532249828,2398.226803424741,Fracaso
87.5364347246893,111.15755976412314,2349.594838694956,Fracaso
132.3839997059181,167.21019374652687,4584.249511504497,Éxito
157.18938840500937,186.76206921180068,3713.146900100854,Éxito
149.0296065076597,221.3366205031918,3235.573463408167,Éxito
91.99008454189143,125.1429237833741,1892.1772303825194,Fracaso
193.2297920994791,271.781707448627,4207.056728995826,Éxito
160.68453750436527,200.8982850106317,4797.77230168245,Éxito
133.15310787671012,164.08018281803209,4195.392271476019,Éxito
141.75811193515284,209.14002236370158,507.04297336162807,Fracaso
112.94000936416849,172.46247589422106,3363.806165825332,Fracaso
87.15964842517363,137.05139141236197,730.1092164894533,Fracaso
103.39590179768925,156.71771485394711,1659.2324915017484,Fracaso
163.67691656965536,226.8290232659912,767.8611515649726,Fracaso
52.15902329446338,85.86630777434131,3217.079538272245,Fracaso
67.41089607603743,147.19093103944195,3589.6546107167305,Fracaso
56.90039630326291,135.3879860320699,1015.1943712965731,Fracaso
56.10932034784552,115.12886152866173,2227.274973702408,Fracaso
178.3190876016511,210.2916346573998,2553.064290299939,Éxito
155.54867890700353,216.362373452881,2160.7385979241244,Fracaso
121.12607436309878,145.45797890184934,1044.6125021833686,Fracaso
64.67512409765023,86.51427422999859,2385.2650558436394,Fracaso
123.74238126752485,159.20335457819766,3880.3012151378816,Éxito
121.02076561708485,168.77814302144384,819.5344903996496,Fracaso
75.98028048650228,148.0766308110051,860.8100633685656,Fracaso
115.07774738569596,178.70789157167445,2096.470813261929,Fracaso
109.775710159606,174.33810143160485,4737.765702285163,Fracaso
142.37751470783246,187.90711477471697,3508.576910253113,Éxito
145.26404763014656,186.02014718296434,3554.0148050265416,Éxito
56.795601465806676,99.05792724488285,2128.6399587703927,Fracaso
106.19189219397069,185.45086601813415,3171.4735604384227,Fracaso
143.87898735713546,166.2855388418844,545.5903281248452,Fracaso
125.47043878701315,197.49232855436009,3362.43220884294,Fracaso
178.47347617824835,233.19400069259194,4609.791264093065,Éxito
148.80404474284177,195.12096989421718,3256.580607551686,Éxito
74.44016406221445,137.95562368712262,4431.6436705985525,Fracaso
60.58531211006448,109.78544859554665,3757.878749597422,Fracaso
146.36289173094735,218.768286015847,1042.512873816606,Fracaso
53.976696581243274,128.01880842191878,4561.039882786288,Fracaso
137.8663371910195,183.16959280342684,798.9972996009869,Fracaso
191.03453621374365,227.64420404784676,2902.853626464937,Éxito
136.32112668138183,191.86214639698358,1139.6170570705594,Fracaso
108.22548893097829,182.96728966797974,552.6797482890682,Fracaso
146.49323276635297,179.13296410669295,2399.1541705743757,Fracaso
118.73793357372749,176.11592858753647,1827.683184443703,Fracaso
131.84251839739022,189.73613160294144,2687.002222089214,Éxito
191.21972131647877,255.20650266139563,3097.3994903054786,Éxito
107.91539567011614,135.80945677775173,696.8258253902632,Fracaso
194.17858457358713,257.1280824545124,1053.5148280568553,Fracaso
185.80259629340955,260.344547533348,3013.890784026914,Éxito
79.36867021839447,110.14965675060898,2044.253089276962,Fracaso
60.40419513127482,94.65679462670748,3781.280693972516,Fracaso
65.116700206614,143.40040584911236,3435.3124186637283,Fracaso
52.73327384773246,83.59189101030185,4305.219633454581,Fracaso
64.16644411338926,135.429549715564,3616.217720011514,Fracaso
152.45101601245352,201.9876873993356,2434.6898482556667,Fracaso
60.678297269034346,95.51216173322497,3528.349800774946,Fracaso
97.8463445440642,170.0913386204149,1739.2152841493835,Fracaso
176.73129664541818,223.4496119455781,1878.410744501957,Fracaso
53.49079036037388,104.3798315961553,4050.43321964357,Fracaso
172.17027238834038,213.72427455232634,2508.8878238071197,Éxito
92.27821621600998,147.85526730210563,4092.711532332586,Fracaso
67.72472414324844,97.53615649834981,4200.9006815072535,Éxito
154.5105748046226,197.97546700372823,4359.030519475777,Éxito
144.3414270169826,222.50616635709986,4624.858561285433,Fracaso
181.62080202905796,217.10880799112562,2439.433492309833,Fracaso
160.26065657058285,219.6648564430604,1934.9006824451249,Fracaso
170.5221395577273,210.033543411209,3119.8943596735126,Éxito
92.30518588569598,158.71357342689203,2170.2759054693242,Fracaso
76.61593156695842,104.46835121005941,3204.8337506010485,Éxito
162.59221274612875,240.78147545084144,3675.136381897211,Éxito
171.0252108900896,218.25258337310794,3597.822583214616,Éxito
198.575771300101,232.73879910088883,2185.487991590546,Fracaso
111.89265153671397,136.30245637651473,1250.8709076443877,Fracaso
105.80271286891747,135.98818717416992,2437.382023079934,Fracaso
166.46194411129954,217.6483810246606,1141.6736483685893,Fracaso
101.12053103795267,141.34072162382984,4505.436658327138,Éxito
189.6135988405347,259.3466007934913,2056.4485733203583,Fracaso
178.76191277645177,224.61516419616012,1195.068862504957,Fracaso
114.34910410625275,149.27196046151056,614.5149195758789,Fracaso
162.6306601687246,219.6593593649664,3406.2007382891793,Éxito
163.18143111270234,225.58806412582908,3366.0604285463446,Éxito
65.4685803253899,95.49109479944688,2032.7187496158126,Fracaso
185.382936001935,215.44008897923408,822.7034998144295,Fracaso
125.78785586717858,147.98814148319116,2343.330027028544,Fracaso
173.96861991616123,238.15274082009967,1900.478727785271,Fracaso
98.00744015459176,157.83571181190007,3547.042878807542,Fracaso
184.32848427443008,232.8063368194189,3226.0066225371065,Éxito
108.38025181012446,179.0304787482763,2140.6717768889303,Fracaso
51.625647722044754,119.96585689904794,1480.5164941474554,Fracaso
185.80729646288955,240.92855832669468,4946.161847700163,Éxito
63.69300151792004,135.78927834871556,2543.007295382517,Fracaso
97.89704563856223,130.24751824076833,3597.234061011067,Éxito
192.50929505762073,219.2244722214844,1132.4883541026234,Fracaso
192.5910720406334,228.7760487316528,2685.15364846729,Éxito
136.0156832184929,159.4408945838518,623.9152394125947,Fracaso
144.77558182546989,196.64575350553181,2774.5480305970245,Éxito
117.26682829674796,193.46316983444564,4838.0783320296605,Fracaso
93.98161575470968,116.34222819482025,2228.930208436101,Fracaso
99.2996818054874,126.626276646089,675.4820565871021,Fracaso
150.87776841155576,198.00971010856188,639.3010591370459,Fracaso
162.856179415652,238.8886804673263,2245.940419760913,Fracaso
168.73685655887726,207.7062228574823,1220.1122140843731,Fracaso
168.4427214191831,218.87680994048665,605.0844334768366,Fracaso
63.680915457303556,86.17528700032707,3902.9612627757956,Éxito
124.16304570538722,153.06363776311255,2563.353539968508,Éxito
58.63381400249664,137.83162138002746,1801.6014738769454,Fracaso
132.42933234856034,210.33645413472306,4550.374323574163,Fracaso
116.22957520600656,136.52597406207113,1022.6253209023653,Fracaso
183.15562741374495,260.2643345391393,4801.634730298936,Éxito
102.6372518828118,160.98444815174182,1912.8502281980877,Fracaso
67.56005246414088,139.6351501353422,4497.816525389066,Fracaso
71.44875230792537,118.73314364595691,3213.242944157577,Fracaso
164.22659475762083,215.16235647237585,4220.183118836694,Éxito
142.73270949743915,192.06350431285435,4928.05923444709,Éxito
65.16840141841854,125.18025687118481,1797.8244701843557,Fracaso
62.616020917249614,90.99509620262839,4825.109684334168,Éxito
155.14536971886798,176.94378511122866,2252.6685270608914,Fracaso
60.91445095462903,99.39024745010049,2234.8035713161507,Fracaso
173.27900889355345,235.55985465775225,2031.7419691452756,Fracaso
155.93633407347443,188.04754120085133,2936.3342330641335,Éxito
62.202317096284965,122.60826309578,1193.6526943031918,Fracaso
62.72565711277879,140.92037987921503,2991.7016841110503,Fracaso
197.99593677517632,223.6299797225414,2937.671655845018,Éxito
106.14061936341804,166.49674645692562,3928.558156721915,Fracaso
105.59632206003363,152.2213352183079,4251.424828719135,Éxito
171.91993508862538,244.00847035127572,2481.986076405908,Fracaso
192.08728660757882,222.71627397442197,1860.4996220817218,Fracaso
197.90015957343064,259.4577167070005,1667.007037926925,Fracaso
163.00672778884126,233.29364516772787,1375.8072651719237,Fracaso
106.43893782963737,183.11579099807875,759.414119895612,Fracaso
62.52510750480032,123.51998920217906,2041.01590475621,Fracaso
166.5720373891155,216.40252322962115,1716.1146145885245,Fracaso
133.76063746037076,190.8314718724436,4848.878236398833,Éxito
113.63330138704644,185.76760045576953,3009.6897181251975,Fracaso
185.9531577642104,240.18974256254018,2062.746675637284,Fracaso
66.6796223459227,88.5028459277329,3112.104204471632,Éxito
123.89376564362887,199.75068737404752,1126.3851560556297,Fracaso
51.70304671511286,113.07465177700652,2498.196871409913,Fracaso
120.29909629911894,180.88989944575374,3318.054446394787,Fracaso
58.4454913522756,91.38600049613864,2700.040243066031,Fracaso
67.82268744021079,127.35581565417021,2308.0046029444593,Fracaso
67.62893701656573,111.26080135581523,4972.317750048642,Fracaso
147.38154531740952,206.45552393989905,4461.416429670171,Éxito
161.9067318898135,188.30231370829296,3305.3268117174803,Éxito
137.50531476457394,196.9760330407561,3062.1981253202725,Éxito
194.32588227118129,274.29070581742127,3292.9721592106284,Éxito
106.23058692855561,129.12330926018896,1405.9044852009497,Fracaso
92.8568129422791,171.48726399555815,2278.1198446894336,Fracaso
180.28986922841904,224.70434687179127,677.567898009047,Fracaso
83.5393757779179,155.78458279815345,2639.95716869072,Fracaso
194.4833809160917,261.4265099595881,2943.6106278094844,Éxito
51.82317120347245,105.84414686267252,1524.873812464443,Fracaso
195.48182400614584,259.7887765612254,4838.129812244812,Éxito
56.473986792586416,129.1849204706673,4592.545749217589,Fracaso
183.67146705471066,227.91988635377265,3749.6445595515765,Éxito
129.15516636294498,168.7771560567393,2900.239829444132,Éxito
198.94471941789504,259.00032255171016,4414.861218414582,Éxito
61.06948471030983,129.54024122678535,1087.9355472055831,Fracaso
133.07814266019813,198.81525074679507,4057.2940742369824,Éxito
195.39538034286485,263.2641992743829,1061.6936628508174,Fracaso
128.46467662552232,174.5996755142983,4073.9479814723245,Éxito
144.40979572028937,213.47984869079067,1740.9540571311063,Fracaso
154.36230334769257,181.5748466699291,4446.907614581851,Éxito
118.18115971516599,170.85050559281697,4748.18942221429,Éxito
144.13371201260952,164.4792316424968,1169.5818623230202,Fracaso
137.64714678846502,177.12229658248123,2582.040222794271,Éxito
185.17370157364834,227.16139366593222,4914.443201732083,Éxito
56.81695705121868,100.587318547774,2675.3334618791596,Fracaso
92.14447843883454,153.87251084022625,4385.963851315453,Fracaso
192.56172261148382,235.87520868770457,3149.2918495909394,Éxito
183.53956758363745,230.46118494098928,2188.984585638208,Fracaso
118.34851291785694,152.6011607703166,1786.025999866416,Fracaso
143.0198896702305,185.41499716799092,1414.5039098873926,Fracaso
91.6071774471699,125.243355082959,3928.0918611996376,Éxito
78.2181739585642,102.6099293846708,2239.432280703625,Fracaso
119.55476074099732,175.76167634388,2800.73957990338,Éxito
103.00283420390792,163.0956021172089,2715.464660005319,Fracaso
137.5484167776308,194.71783753820768,3097.7556315490906,Éxito
61.66019554474772,109.46983817278206,4395.097155310485,Fracaso
196.15922114992497,238.94636796067877,4913.327046125432,Éxito
197.93161167194043,269.73163064625,2334.1289385821765,Fracaso
154.72425710296176,205.86916421113483,4223.835149478364,Éxito
130.41445495161804,179.1653676094019,3940.3750759462296,Éxito
96.42914244294917,117.96766639133531,3080.88028155008,Éxito
172.0692529560423,212.5441226136117,4802.212146253699,Éxito
152.7096758830819,195.52141301023332,1402.1353198778124,Fracaso
74.3925409017337,118.32190775554773,991.6889463932964,Fracaso
186.63907767407636,241.4494198277163,4342.8288512993995,Éxito
173.38058643847535,225.39673924208805,2476.174174851867,Fracaso
192.4699869937886,248.9442925613953,4311.359843931772,Éxito
158.857926258254,224.7509219507817,4518.905923379367,Éxito
142.01227939036846,210.79142371333407,781.0591712858215,Fracaso
112.73645544359283,175.8238400171825,4475.591433437274,Fracaso
189.909272503102,267.2406942603981,2517.4357491623996,Éxito
179.90958342506124,201.00353838564294,2796.946200519045,Éxito
56.782800515928415,88.52947965694118,3319.666299919446,Fracaso
53.9550461745878,74.40881867327633,4668.721730285391,Éxito
106.46950503170744,165.31798788098362,586.0224249339382,Fracaso
171.58299961727494,245.46483255427415,2645.795607430177,Éxito
198.09141939724168,232.70035719181965,3594.749190937523,Éxito
72.56253366552923,148.18460635330763,3752.1813096420283,Fracaso
139.11960730282027,162.73565072019392,3616.395941916986,Éxito
107.13362849465324,183.19979010298408,1104.9580823365484,Fracaso
195.48715967219047,236.58452090656854,1847.2801476725656,Fracaso
176.31783847035632,202.40308817730931,2114.2198643765605,Fracaso
175.74930570667067,224.90161125785022,4119.967434557772,Éxito
120.30397396924555,155.71056803247603,1754.4194258654886,Fracaso
112.22292535064977,149.31529946836514,1448.172337402414,Fracaso
91.01106078960593,129.44845868518314,4808.516085671433,Éxito
58.456324497639066,126.63787836759886,539.88478301061,Fracaso
179.708356438258,232.05803303877326,4990.193850568902,Éxito
171.93515136951163,210.61361331887184,3545.6958448582805,Éxito
199.95765099291958,256.57767799157466,4228.111847521027,Éxito
199.4955255610858,262.46456601447744,1825.7872835578692,Fracaso
133.31475584039413,169.67219588440616,564.4187495017699,Fracaso
165.34811227707658,210.16105836859768,3820.412833526885,Éxito
191.7148594823642,219.02802508258105,4253.650686503041,Éxito
177.44710860161172,208.31606957369254,3832.142593790836,Éxito
87.10221526147964,147.9692864993786,1142.8262928537738,Fracaso
117.58162029651403,148.46792115825164,3890.425650156361,Éxito
69.37391227272425,120.88371529274787,3960.1525194843844,Fracaso
193.10765408880835,255.6504297921543,3463.432320515247,Éxito
140.926195167632,167.33881055331662,3947.521697580138,Éxito
84.2964208255194,138.33515400325362,4306.646478549795,Fracaso
150.7551026608785,186.1488696829603,3261.218514068563,Éxito
142.71923606868438,220.49484858293917,898.7212128635558,Fracaso
103.72440770492608,152.73714650812155,2694.325143502449,Éxito
67.03363882994435,135.39319181645385,849.4220060222228,Fracaso
150.73597933891995,203.74957186829565,2333.9436396459387,Fracaso
128.046155135569,150.65090710685814,2331.9792010653246,Fracaso
165.8477587603459,223.83684129598726,797.044298631087,Fracaso
128.024525166799,205.10872569919843,2069.692402862657,Fracaso
177.827225047781,233.92393425656087,999.4914445609168,Fracaso
132.78602581617284,201.93735738178026,4137.0584450415,Fracaso
134.14069573030793,207.19308353121238,4764.596116840118,Fracaso
181.49804039875175,215.1828267156877,825.4241386607237,Fracaso
110.52242993185956,143.24512032635317,4798.018432812656,Éxito
70.1022842675961,126.76114359865561,2851.594697015353,Fracaso
54.31740144700085,98.97910963540313,1848.0455507924326,Fracaso
163.27058835104285,233.66226652304607,845.8793387427359,Fracaso
143.04643270301972,217.0478201069004,2752.80920631688,Fracaso
155.61196521488353,196.81724797304662,4075.319950208369,Éxito
81.94462422633661,116.15685776480554,3681.8891477001416,Éxito
70.45572133801546,137.2872522526472,726.017051587882,Fracaso
52.18169985018229,88.67006198307047,828.0582591555658,Fracaso
102.58813382098955,171.94499293181025,2312.929771846867,Fracaso
138.48765302819496,183.91194824712073,1828.8072232157447,Fracaso
108.83660676495984,168.88960072244805,1545.7294537522152,Fracaso
115.62123830355937,141.35335713363946,1764.5202450892111,Fracaso
185.62380417406226,243.05536365465665,4115.672344835981,Éxito
102.23832005349504,149.3443807777288,4681.526241343343,Éxito
127.09842337397161,182.29493116450004,2322.962125374049,Fracaso
167.54795191117148,197.6288043758633,4577.499509596237,Éxito
109.48141734819052,173.69384204484146,1946.7306556154688,Fracaso
143.313005034181,215.0808296867747,2643.9664385470624,Fracaso
179.35455631201177,212.3589443174583,1517.1304901719986,Fracaso
192.42809354864633,218.17096687985602,3382.142189791298,Éxito
72.06102213935569,93.47933730213586,4905.41501828664,Éxito
188.98814377422417,247.50643380082013,3215.7189321952037,Éxito
123.81744396193073,180.24308612725758,2110.16337851097,Fracaso
88.73665824484375,141.53850300768795,3415.1785069573775,Fracaso
118.8703634357392,152.78718920269773,1053.143053094244,Fracaso
197.00488629282157,240.45924604715245,4498.965861194294,Éxito
123.89271409893044,179.5612942101008,2763.877778509264,Éxito
99.31274154312624,149.1187530746764,2522.0738391783893,Fracaso
145.01012814750885,224.2772593604021,3136.3915480408364,Fracaso
86.02184281672896,114.20822797013295,3311.527382552311,Éxito
61.379499216299585,123.0881724591552,822.9911280193087,Fracaso
69.33195828659738,113.59108437285491,3571.777495505311,Fracaso
69.20687584366587,114.89885273920275,1588.692561419883,Fracaso
72.78540402684415,135.84126996633472,3712.786846279654,Fracaso
70.82407589741152,132.3702449768737,4201.406574728886,Fracaso
146.13121172048218,225.60657134261348,4117.813283986341,Fracaso
77.28201265987173,104.98567002711924,2986.254353335501,Éxito
101.85009249857947,128.09667146162946,2840.7645153983804,Éxito
184.51826148590177,247.97859051362624,1142.9418260273528,Fracaso
121.09424603943086,175.79746105981542,3989.05767681411,Éxito
150.13366077815408,186.58330077174242,1721.3422120102146,Fracaso
75.84798068024448,100.61314281958367,2735.1294026807595,Éxito
78.84335282130061,103.98284779708644,1779.2334181738252,Fracaso
56.13029243997183,129.78174491981892,1102.227633498619,Fracaso
75.34025946082468,106.85229894394925,3333.0096360128146,Éxito
91.78855085479378,131.19084458172503,744.4941567030672,Fracaso
76.55157264151202,110.1509567751313,3868.9035535679,Éxito
63.305380063558346,104.60515841347458,1929.140578675025,Fracaso
68.09538066509012,92.26081122985572,500.60611852018394,Fracaso
119.11681520490886,170.2604026594051,2800.0811265675343,Éxito
80.95005776086887,105.00681157640176,710.8335883742141,Fracaso
104.64047915721132,172.66186962655303,1742.7630101940476,Fracaso
125.51259062822854,159.5353155428545,3681.394193550723,Éxito
153.5592242944048,205.95993917067543,782.1032972983965,Fracaso
55.89682097616484,128.70156622985232,4277.02321560201,Fracaso
169.9115598363564,228.96420197918803,517.189651963624,Fracaso
144.18505842363618,196.1625256167163,1610.7074114085601,Fracaso
62.26385479233079,101.72387997925333,3834.0682526843216,Fracaso
181.03679361601658,221.01690839950845,1923.2156737818805,Fracaso
188.130860079772,248.3000773916634,958.5157462970609,Fracaso
59.161693978229565,138.81005565149962,2121.0526346019255,Fracaso
91.53164722208055,151.24199861304328,1716.769788730365,Fracaso
170.9301919689592,224.3971970111607,4292.203559722497,Éxito
162.23895355754877,226.07798417190355,1910.065629133144,Fracaso
77.6781529034566,125.59048964047969,4050.1961229920325,Fracaso
81.40239850050655,105.01093905655367,4513.424651648306,Éxito
105.5708154187073,159.30862437138188,2452.178388094383,Fracaso
122.6784477786532,200.13596484897602,4594.744147344763,Fracaso
142.73821572954438,173.25639227100396,2197.931242834368,Fracaso
105.33704593546585,166.7373393847058,4838.352874205487,Fracaso
119.38020741997218,151.43622873951557,901.8028603650782,Fracaso
162.12064072006348,214.27030178844836,3591.5866992645924,Éxito
55.50248043358968,81.30306741239286,2722.163182056179,Éxito
87.86554165160311,134.88779782709423,2244.4196245504118,Fracaso
157.00243788268287,222.37223761639763,3347.203454368704,Éxito
184.2810256530799,225.1353171074188,3667.3569123544903,Éxito
126.75161631734991,186.64631978658298,519.6347134263909,Fracaso
129.81702278979736,197.54402043718113,1251.2888993623942,Fracaso
66.07580170096641,141.70647086973355,3708.707227854434,Fracaso
117.1118550235182,151.19037993484542,3498.734361101929,Éxito
129.89258996825347,173.85154491681197,4847.213773079047,Éxito
86.37057554520945,115.51553634503449,3924.6700561285234,Éxito
90.38648464240714,169.93549477190965,4778.4771847910215,Fracaso
106.5926244656934,182.21268254115114,3661.432256906631,Fracaso
53.01067966665896,105.40810748349253,1841.2349388774942,Fracaso
98.31187483747675,168.83387250006203,974.1421501288542,Fracaso
81.7172010494817,132.97467968580423,4018.20738505221,Fracaso
99.1246028266872,156.53974410685277,3398.6714966416216,Fracaso
67.96431977288768,93.31178569984867,716.837055769833,Fracaso
183.57909211098425,248.89531734079273,2120.2270965544026,Fracaso
139.0388680331073,166.7016770512214,4805.599169679288,Éxito
151.86534787167344,221.42940568682513,2751.8051556959053,Éxito
168.37568579110075,235.29737105132392,2447.281112088671,Fracaso
124.76632983935859,187.2910117039372,2559.6482232168228,Fracaso
63.03804321311355,85.20766604459928,1439.972258023237,Fracaso
130.56598127278215,168.75368262950187,2159.182268891578,Fracaso
138.02616770313188,173.81292189778245,2164.1596519422947,Fracaso
161.81592112764952,203.42410557594064,735.5975908436258,Fracaso
114.7489319344519,140.00749674028222,3954.0543283306324,Éxito
69.13704541933456,145.35451480119832,2374.2699435674554,Fracaso
92.56638586980867,145.79452031255124,4199.809490673904,Fracaso
104.46234445979526,142.79380309927666,4326.566005039529,Éxito
146.88758619974018,190.7064772241972,1453.9732461439612,Fracaso
135.61674570033676,182.4488981306269,3458.0906697655787,Éxito
103.41450888467693,159.45016888631397,2625.268118733418,Fracaso
197.97728731894696,248.91805298073683,4460.705320646683,Éxito
140.86622290353307,216.02974129639813,1470.8330562940437,Fracaso
85.58401876039918,135.401827734749,3550.159401395199,Fracaso
65.26737089306056,144.79685178245933,3234.8845501372516,Fracaso
72.9288708776498,144.01436834235557,1828.8566490732476,Fracaso
86.89365925767622,119.40429011911637,1114.7040664302767,Fracaso
74.10220598893335,149.93791886756833,3432.3789221477446,Fracaso
77.98505360769586,104.96703748082443,3823.688561595488,Éxito
92.76427530407707,161.81125781354856,1920.323046935075,Fracaso
76.00603929421322,118.84343690280804,3401.746718100412,Fracaso
184.5148136939638,257.19327292066794,2278.0890842517647,Fracaso
62.03506184924633,134.11846325569337,3709.43097477178,Fracaso
128.67670843553822,197.0322324425955,1396.468737023239,Fracaso
111.55952404844922,178.9613502268729,4505.967511862785,Fracaso
197.35679253629095,235.6375408821734,1793.3431840951089,Fracaso
66.80583532520785,91.66099230828299,2155.036944902688,Fracaso
109.67833985686124,153.85715058277094,761.413784361574,Fracaso
195.42056499130533,225.83203589049583,1001.8049554457438,Fracaso
179.82606888409703,241.52313421824473,2821.3785622054766,Éxito
172.56081064239197,213.3267942346591,1704.1670452758717,Fracaso
88.68542405674097,167.22203610833586,4259.661015839874,Fracaso
75.63313810850987,134.09146274922978,566.1202489472923,Fracaso
150.29648298866465,219.6453168067263,2205.9232190237126,Fracaso
189.40639836913786,217.35787873364876,2018.054960460917,Fracaso
133.51443395208946,205.23530288844682,586.9743391292046,Fracaso
135.74190342048496,211.1073348512886,1059.657795502296,Fracaso
91.99686404904263,141.22057917817878,2361.3920371338586,Fracaso
165.42393997879054,221.7991162438492,2717.89063001351,Éxito
78.05656228362851,143.94515033780823,2319.303862646911,Fracaso
98.55188546063656,129.04220309626132,2889.219552854422,Éxito
113.81546579246252,163.96943038026905,3178.0925370755667,Éxito
126.14155680266825,170.06133846900704,544.6571950752603,Fracaso
86.36145986226204,115.14389939199698,2588.4282175407675,Éxito
67.22552371088054,109.27758904837242,4835.746583994148,Fracaso
141.59300636624488,165.6833449293745,2835.645260582969,Éxito
93.29458298603836,114.84329740300758,3548.9402035652893,Éxito
137.18573321339184,165.29571056268122,1903.3873606259745,Fracaso
73.15440729113035,150.9413139864808,3982.961201687431,Fracaso
122.17101527822263,175.14278743192364,3978.1466684425177,Éxito
129.8884148827379,207.83774455193108,2845.832214443625,Fracaso
57.77353052336404,103.72340322317196,4892.062204756461,Fracaso
100.49064172908808,139.19960971420366,1064.9759664319402,Fracaso
70.16220154084614,120.53071331126078,576.2644920031145,Fracaso
59.50624557091516,105.87694688888976,3965.711952906932,Fracaso
198.49403485849177,224.8339159141964,4132.1999181419715,Éxito
98.35307674620844,156.80265562762082,1040.932531042593,Fracaso
171.4811668781952,204.4434578287712,1695.1227483137272,Fracaso
88.19609821456459,145.37137550843437,578.98563514983,Fracaso
152.22540833358937,211.23747387747858,1819.888748512541,Fracaso
164.034178983453,193.1556701711719,3979.1384326340217,Éxito
139.34581109117664,163.02678871781674,2830.8223747066054,Éxito
120.73642828252376,187.58212344663013,2066.4301692572963,Fracaso
111.77613712209029,159.3641625482495,2172.8268270784865,Fracaso
102.3302399814493,125.82006771177784,506.0913157196067,Fracaso
189.4293716371739,269.12135066735993,1849.1023740435614,Fracaso
174.5929111681594,198.0597448279414,3409.064337370687,Éxito
194.7540365999769,256.4561503314901,4883.874997173607,Éxito
68.64458352283171,147.66531903863654,4311.773721427548,Fracaso
159.63012128054663,193.98092753350215,606.177340904881,Fracaso
190.75106852315568,219.28603064438744,4543.5227210367775,Éxito
77.18495992484903,104.46805629019477,4024.392859843817,Éxito
59.974440105016626,98.17094895907236,4011.6925560694117,Fracaso
161.16809739350884,187.23084605414766,2560.9809155160715,Éxito
136.1709669769868,197.70064747863472,2291.0238182952626,Fracaso
176.2743165137408,200.01182440154457,1863.1207797493669,Fracaso
70.96585649394342,121.5311841829308,795.626865294646,Fracaso
169.29009677898352,249.09190801016211,1527.059135721646,Fracaso
80.24409800716168,149.08231417752282,1609.7163574011108,Fracaso
74.54839142985568,131.46155772371634,2678.3468136959073,Fracaso
74.63986968964895,113.01508693684565,3863.4998296851227,Fracaso
172.1862080347073,229.61995821220563,2632.14422779076,Éxito
149.77958310443,201.4020709391291,760.3000225122228,Fracaso
128.4598137153679,174.02481674879016,4810.054104446917,Éxito
103.82457261852537,131.66719522293732,4742.259435923505,Éxito
181.58008112196623,254.77633403639425,4033.352944167838,Éxito
108.8667661133953,155.85384504267466,4960.9755570389925,Éxito
172.48991592073656,204.16726662998246,2950.1704976011833,Éxito
115.87023628553277,157.93579733817015,4832.457576139427,Éxito
106.54166441373613,151.38944956547175,840.2226827753784,Fracaso
119.40196785044097,189.05424158445342,2145.5633671761707,Fracaso
95.20668112462131,159.2235439583054,1514.2157060304462,Fracaso
162.14140702643766,228.29970064491806,1381.2488786042152,Fracaso
125.40805851387188,146.0699343795907,1133.6132700170424,Fracaso
84.8319042720226,129.80114416280827,3300.861387046985,Fracaso
184.93618599118528,233.8168350893047,4015.9483508628728,Éxito
107.58368320598171,128.73521981536513,3102.3427973916228,Éxito
131.5329291670983,167.12172169180036,1161.3321931469436,Fracaso
185.97081664468203,251.58820603201013,4150.05696470062,Éxito
143.6356993870988,171.86228173083876,3361.7961822367783,Éxito
67.53470610625462,119.65331399341011,2246.74567757148,Fracaso
190.97481854202127,223.8869308630555,3533.5863299122834,Éxito
144.15620796071266,164.88345443934625,1669.5724065927477,Fracaso
100.23584219856292,134.7079296545354,2053.3649382239473,Fracaso
70.8908108995081,149.4432361941113,4628.686294093956,Fracaso
169.1037783905444,237.19600510352376,1807.2702755213918,Fracaso
143.01091338927702,220.58551204853902,2614.9472067107145,Fracaso
130.01916379644823,179.29040643202995,4505.635118282065,Éxito
184.08388745764364,210.66805937829386,3684.7460762038736,Éxito
168.28958168367961,221.1671510221012,779.9145177411624,Fracaso
72.75123195991267,120.01387203351032,1162.8636992553666,Fracaso
96.75831016933223,167.4197351337092,535.2871584736257,Fracaso
87.27337097216986,113.15832581922453,3339.1480560312352,Éxito
161.59194388590154,210.88641210720823,2514.5304143468825,Éxito
55.02986521036691,84.03278509200597,1104.2368290602399,Fracaso
135.48345273069748,174.96400834410107,4810.703544755467,Éxito
164.36880286110357,228.61022750437155,2883.4687577552895,Éxito
181.51484551426242,230.0759332763884,1588.5198235080013,Fracaso
101.31226230738612,143.86555941613227,2752.716070196184,Éxito
173.18859570080193,216.85717241500404,3558.291497307985,Éxito
66.59476054328108,114.16156664764029,843.0764808810402,Fracaso
176.96784376017774,244.06883639040115,1736.1671677155139,Fracaso
69.12329934979736,142.64838068621142,4131.344708977971,Fracaso
109.59309358405508,186.91317477429078,2568.4919168119754,Fracaso
169.59430486693304,236.80850804225076,2959.597139145327,Éxito
72.48761410231606,111.41202784719682,2447.6720099426116,Fracaso
84.38770928489623,145.67579165008877,697.5497418935231,Fracaso
158.33788525895994,204.59407270228346,1245.8740091907016,Fracaso
158.00548048191115,193.28571780467422,2504.937374338509,Éxito
146.1721449327946,216.62443969834996,1441.3345943356753,Fracaso
154.092266670065,176.3978476078045,724.9056289685543,Fracaso
131.40866650213943,205.51438603026483,4296.423488233207,Fracaso
87.76985883604291,135.45850671352696,4915.366381238521,Fracaso
101.85439902558792,160.08648763408473,4069.1429329853277,Fracaso
77.23965752021385,136.80089285256082,4342.032147671001,Fracaso
186.26758420004424,259.9746486424364,1588.8970864267042,Fracaso
137.50876921491806,195.7089501449505,4822.821389809399,Éxito
110.12771251454598,166.9637276001497,1386.1656700404278,Fracaso
119.3008705466199,143.2999929802613,4781.434146628245,Éxito
192.0925009417723,243.19698225848455,4976.686822846779,Éxito
73.00271046741203,102.01285051643453,3702.7526258572193,Éxito
137.9344748025196,202.18050092580873,4915.146793063199,Éxito
125.8833018326699,176.61661708143038,3062.9290080519663,Éxito
141.71813531519717,202.53180206769838,1667.9380242924065,Fracaso
52.71652757312608,75.21690160926914,2466.481485495294,Fracaso
180.81858634162273,205.90610730437092,3171.024209204537,Éxito
189.81774237254186,252.7971456563028,828.8670291215674,Fracaso
134.76997753838134,159.09503769830175,3300.5446907776072,Éxito
154.49762358153384,178.77302724744936,4915.300265430325,Éxito
188.37490717659435,209.1014156906876,1355.4844240267744,Fracaso
156.08579514700978,233.47587904497857,4066.678023297725,Éxito
72.8808564371392,137.1313580046796,4585.544572008287,Fracaso
136.443254025022,177.63833853514583,4746.657167690993,Éxito
141.00725695742838,178.7993918346877,4820.610219824513,Éxito
113.6196006953579,154.60179448010888,2846.5683742466235,Éxito
160.46663534370842,226.94584721457932,4897.885585961767,Éxito
190.1550522153522,249.83728887957707,3907.8959321049747,Éxito
188.83527693601644,219.94701100806452,1227.5214630663286,Fracaso
117.62590571061982,148.07246583066487,2646.0504791058647,Éxito
66.98570687611328,92.88944585891713,3732.490289174018,Éxito
197.72617984435018,257.34434302643047,1613.031421185875,Fracaso
175.83471296689012,241.69707270019427,3382.768325969993,Éxito
68.69940218049003,104.60218787999027,3499.7021557097864,Fracaso
188.12628239260584,209.3829800544606,1232.1488471385464,Fracaso
180.48445430931923,205.41475435790488,3042.8839060374034,Éxito
127.82570856891081,205.89731065961263,3972.3210994037345,Fracaso
138.69131536173938,176.4180020103846,2745.030490411739,Éxito
109.85040558051955,176.00379445080756,554.4640254924834,Fracaso
58.2142458233047,115.69405995456053,540.6731108568148,Fracaso
100.27958624688515,143.1959646260589,2106.632047865055,Fracaso
170.4280172897017,202.76925302143502,4667.8733079430185,Éxito
50.69480345069043,77.97798854025481,1529.0455082162396,Fracaso
100.02487575367164,156.92565383600362,3354.6365999225923,Fracaso
109.7253040386415,176.20333087690878,1499.3414181199425,Fracaso
130.6093404406884,189.24359565315626,1947.5149534679688,Fracaso
187.97834246191408,239.79647045686357,4316.1894032066775,Éxito
101.95189915489419,124.46897256079237,3779.876490214761,Éxito
102.04298028443415,180.15230694009716,929.2967479094478,Fracaso
160.62518721646225,228.5480387157367,2429.1590944389513,Fracaso
117.83269113347107,155.40201333552895,631.2639364036901,Fracaso
83.69072344099729,162.48894320252833,2664.0056597135404,Fracaso
117.86592741990401,173.97882279808334,3480.9530526548065,Éxito
71.12855305696998,126.07391254940477,1033.261806191682,Fracaso
76.4580479759335,141.34243874170542,1799.9822250912455,Fracaso
124.75516591092196,193.4613531963302,2290.2648147597065,Fracaso
112.83881742568218,172.22753386557235,4637.889610952224,Fracaso
187.226885160215,214.912629942187,4969.647569403338,Éxito
104.35908486749497,144.65513522716486,702.1008454802713,Fracaso
137.08825254170654,212.77327096126953,3924.5356557292644,Fracaso
144.83964318792954,178.31657989856066,2172.7582988105446,Fracaso
51.964168488250046,94.29418991850085,2266.06183803266,Fracaso
149.53060580250659,195.45521877915834,3894.1923800616023,Éxito
76.70539503046271,123.06969441212985,4632.918944654339,Fracaso
194.16054762041827,250.9369225700898,4779.178675261468,Éxito
72.29940916296694,148.88395942764942,3097.0516371724434,Fracaso
112.19361855905356,146.63518126900385,2107.0452168522625,Fracaso
62.80245021179658,90.09253278985167,4043.9708863645064,Éxito
199.5311377768921,231.37936716848836,1629.5062246803511,Fracaso
125.32925154968639,198.54474556224255,3038.33312975083,Fracaso
139.30775259800657,198.05640135731892,2113.6030768619294,Fracaso
60.06147160826412,97.21587896261373,3454.8398316854423,Fracaso
162.49407055987666,231.4508868979937,1581.795108020781,Fracaso
81.48583896433786,153.16803874614402,1362.168255806716,Fracaso
184.70814341610705,255.49900373752374,4632.075890039467,Éxito
80.77094607230107,155.90653809067436,958.1165732729161,Fracaso
78.60315809954999,113.73761930995168,2776.8105848071923,Éxito
55.48245017721423,120.78496590199093,1493.83752333354,Fracaso
120.8100417664999,168.4424116029483,675.1848349655036,Fracaso
134.72616998939247,205.24608316279617,662.0846823114188,Fracaso
59.856295914252854,123.56573654394964,1288.4979744762231,Fracaso
166.3291425042516,232.91598929423506,4400.466595277001,Éxito
117.99332521220414,177.36303547306844,1771.15434789662,Fracaso
128.658540399137,159.30426656731942,4777.066267588831,Éxito
116.11441204073422,168.81602717455053,3117.300318451371,Éxito
110.1144591312989,189.1946435027694,2464.7638539594473,Fracaso
133.94604969623268,210.1893336860598,3110.399756012546,Fracaso
73.28603688960688,95.87646103742757,2825.1427335182047,Éxito
77.28921957429067,107.17810851805689,3914.493141907963,Éxito
179.26784315202758,207.1715695593013,1771.232296877835,Fracaso
191.9173193200449,255.47611391916263,2088.7267622013605,Fracaso
105.99639744196294,175.06351723337963,4523.424361399628,Fracaso
90.61170097153307,123.42238295017339,4759.054309176825,Éxito
146.59993148585238,196.95109306296212,4516.512023689135,Éxito
111.31012566471446,181.75230734538647,2387.515972807911,Fracaso
53.80795334905173,117.77604603502677,4011.6447635309673,Fracaso
73.42288960492856,125.95712193443946,2643.5107998549447,Fracaso
157.39583432710964,212.81669575463602,2738.92933465746,Éxito
148.8385912865227,199.3402241014995,1421.0604907577776,Fracaso
54.06439887552252,91.91730595465177,3160.086364663324,Fracaso
83.29582428994242,137.19714386148337,1337.6115398900656,Fracaso
84.66121948821072,145.99433761121617,1992.041145802372,Fracaso
150.78391153980925,223.18328649145772,4347.6359072897085,Éxito
52.956580663154625,111.13406190190952,1431.8411414488485,Fracaso
65.61628729768607,131.28357952027557,820.2122832804477,Fracaso
169.9874128059784,199.5917109032528,810.5341667576733,Fracaso
76.78169930815004,124.47514777333743,4733.530342263985,Fracaso
147.91191617778122,168.4718133674068,2781.1419708282556,Éxito
85.72741715700897,120.52814902830636,2342.3543231765825,Fracaso
64.91620891390177,128.50391182068205,4148.953614535632,Fracaso
86.47582864991811,165.98442573087993,4261.216675597322,Fracaso
158.34003977834885,184.2907257535818,1994.8596490202208,Fracaso
178.35447021594285,222.44412916762013,3621.2812586320783,Éxito
174.53297968504876,242.53723780699832,3970.05267133349,Éxito
109.57752944276822,141.81966752050215,3445.9280908967953,Éxito
150.21277048559693,203.5178674437341,1182.1778366004473,Fracaso
80.74764431237315,144.73192207415366,4441.473875826757,Fracaso
93.97215953915199,150.93128655476272,2925.925487312039,Fracaso
184.45037277816797,215.73185685509293,1771.1259186650166,Fracaso
51.95028852661041,93.27336264775477,2413.5268344696224,Fracaso
62.82627962817021,129.85378669729403,669.0699067950832,Fracaso
81.1829382719041,134.4365291198251,1075.400605500879,Fracaso
53.97983058107296,74.29360739364773,3944.960377321374,Éxito
77.21531526346959,142.87476086515522,500.05235639914764,Fracaso
137.45623414545383,159.57491544186817,2374.546228170315,Fracaso
113.21368258887469,177.9577095527486,2851.295814885148,Fracaso
183.90075666154624,216.0495902714605,745.8548900043753,Fracaso
172.61653426076612,250.10094306792894,4878.851733375498,Éxito
101.2726027546814,143.34904783280646,1517.5639906235238,Fracaso
88.91351501469387,128.5294119949786,1868.8942383632639,Fracaso
106.95386122509004,135.88714424503672,1867.741305147623,Fracaso
138.54424137722117,176.88049430663406,1536.8749795280746,Fracaso
90.20954612343144,162.80859183312347,506.6321993884014,Fracaso
143.6223361773701,223.40239643500493,3782.0515733959837,Fracaso
111.41174782868606,153.51031965909698,4850.804749096784,Éxito
132.80707712779702,179.72371498506956,1509.3206747827028,Fracaso
115.4189793702975,178.74323566246173,3483.712363115401,Fracaso
94.16986393128765,167.34161075919212,3838.533471314218,Fracaso
192.2679960443235,247.85065609553055,4317.914205907362,Éxito
164.54086912396411,208.03241101463388,2401.831386561241,Fracaso
71.01697636496789,115.77428681588532,1863.1890753819316,Fracaso
180.27019638468693,242.00728517449534,1963.82810310364,Fracaso
123.11467973742705,143.30777555368377,3706.795998943308,Éxito
184.1828340341137,241.35819428170416,4175.507599275363,Éxito
169.97828839209728,211.30786901857874,1317.262854904712,Fracaso
113.78202567038502,181.43386554701007,2169.2345367099433,Fracaso
53.37039624801761,78.94983463740554,4558.730885371175,Éxito
90.3016039077419,145.59373992464532,4130.120838626326,Fracaso
131.24513219913004,180.10350559229747,4931.862812431141,Éxito
145.0217329739221,203.56126452823574,3894.1171685693635,Éxito
88.68315281498035,112.57436848395845,2269.3784046256505,Fracaso
70.90341111092363,125.70243835661151,3157.87025297587,Fracaso
175.23953551989487,228.9286107974663,3474.5641441129414,Éxito
197.66032710553282,251.29993277050306,853.0511734270578,Fracaso
128.85352734540288,185.0627873411902,2950.236315967393,Éxito
75.75189287724552,136.33996911082727,3691.9437281267433,Fracaso
90.84609897790534,159.14543895875153,1252.9458680047717,Fracaso
52.758601482120014,88.94784468981288,4012.842728415007,Fracaso
187.14482098407484,256.64778559487854,3126.9775123135023,Éxito
67.66266243352118,117.55800336932839,4784.998035639176,Fracaso
136.47747132713803,161.1009680751979,690.9003419310127,Fracaso
91.10828310308091,114.62133885771966,1693.9676189996014,Fracaso
133.126700377369,173.18099949913264,3206.9924568492083,Éxito
147.71305825277963,214.8068768794677,1834.519604926688,Fracaso
174.46127055608025,236.9221266405352,3714.90873832059,Éxito
80.96319076409048,148.28008864443487,3915.5237713486895,Fracaso
51.649374298772074,102.68551768526864,961.321838299135,Fracaso
70.5328445103211,116.94478438765053,2812.345088930455,Fracaso
185.00279627721577,213.8499478795928,2790.0075001597515,Éxito
181.0835116343773,220.775076850936,2161.7634659699347,Fracaso
139.61196532554624,185.65312729597875,4698.161881563525,Éxito
140.077529065048,165.39355484582504,4223.778439429496,Éxito
149.7555011819383,182.992218344611,3637.4422185933654,Éxito
76.30569179351744,132.19920943734178,3714.469860807489,Fracaso
187.16179188874398,251.30157874309538,2577.722647159036,Éxito
112.81557873381097,192.71642941738793,4644.475344934592,Fracaso
107.47077923742461,183.45757911803807,3625.679422639784,Fracaso
127.83765579242564,186.39156776453711,3780.414777451174,Éxito
57.04489501625826,102.31977821390258,4377.609067043053,Fracaso
74.94250531341191,133.11314719590587,1733.3221520398595,Fracaso
160.70504246395558,227.8441395487695,4131.8190674001635,Éxito
62.419800188768974,89.51997164417222,1378.5827133042142,Fracaso
140.47281641995824,185.0671098017355,2054.038785101995,Fracaso
86.80236645219814,157.1905035903352,2010.2470442142921,Fracaso
108.39434210629648,151.4243192222791,4903.364607751132,Éxito
93.30406051560499,147.61639678923618,4354.417506865671,Fracaso
103.35090746974237,158.61706912147426,3655.264377156169,Fracaso
157.85688577763682,188.9254609656552,3771.7554272692555,Éxito
94.56825734347626,136.30238384261355,3029.32757481157,Éxito
134.9606960445346,175.03137336905053,4761.908001988336,Éxito
121.40756032986495,142.97936284178883,2733.164387970627,Éxito
149.5506748043972,171.00218063787852,2212.3296944145254,Fracaso
190.5244608987137,260.4262835192601,1233.6590161921595,Fracaso
159.88581458153755,196.2700631799063,4037.925435174761,Éxito
82.24105678861352,133.32578276294245,3804.9976943401616,Fracaso
54.6774702591927,92.60100467451909,2229.5976733586067,Fracaso
89.33960664497377,165.78036135189421,613.3703628165322,Fracaso
139.2616896050382,174.81949513698464,4275.487974731048,Éxito
57.71387202263755,103.49328078697366,551.3809255433314,Fracaso
124.45493708018545,196.81875210926154,3666.6490083307294,Fracaso
139.5264273375334,210.0424413450419,4866.156993767257,Fracaso
100.13658362254412,131.30266869332075,2469.475976666916,Fracaso
165.6368305618733,233.79542914961593,1557.3803224817875,Fracaso
65.98973797006578,113.48095117433934,3671.919545195218,Fracaso
61.27066726037131,110.24879958549262,4177.076639070134,Fracaso
159.22831343054048,187.2371117754971,2958.936422350313,Éxito
124.32369743092977,149.15978825635725,4851.658738652658,Éxito
153.2603594641604,216.9367178825863,732.509247460825,Fracaso
115.22410079056193,165.0117699318799,2771.5801923703766,Éxito
86.96030498586603,133.1713471427768,3733.042762951475,Fracaso
172.86534765112995,236.63584137027374,4381.882120171305,Éxito
169.91238184534689,235.84315578481346,1306.6502535850552,Fracaso
154.20447062816402,183.73896068832522,4100.015667936566,Éxito
90.8217705844944,147.4352795531529,2987.1818407334536,Fracaso
138.53460003036307,166.6558449670242,2284.4915689548343,Fracaso
104.14608454100403,169.22858970274677,1092.7176286059212,Fracaso
63.73731099899512,123.15462037502348,4393.830915090106,Fracaso
187.5970363193364,264.9939135843439,1207.7294368087191,Fracaso
70.52279463784421,94.66027561922948,1894.0453664409465,Fracaso
192.53560307312037,215.95888634219563,1805.2048938309658,Fracaso
116.90086594369336,153.83209042528537,4421.363153858844,Éxito
